#Columns,6
#Header_Rows,12
Field_Name,Sample_Name,IGSN,Material,ATP_nanomoles_per_L,ATP_picomoles_per_g,Methods_Deviation
Unit,N/A,N/A,N/A,nanomoles_per_liter,picomoles_per_gram,N/A
Unit_Basis,N/A,N/A,N/A,as_nanomoles_ATP_per_liter,as_picomoles_ATP_per_g_dry_weight,N/A
MethodID_Analysis,N/A,N/A,N/A,ATP_T_AN_002,ATP_T_AN_002,N/A
MethodID_Inspection,N/A,N/A,N/A,ATP_T_IN_002,ATP_T_IN_002,N/A
MethodID_Storage,N/A,N/A,N/A,ATP_T_ST_002,ATP_T_ST_002,N/A
MethodID_Preservation,N/A,N/A,N/A,ATP_T_PRES_002,ATP_T_PRES_002,N/A
MethodID_Preparation,N/A,N/A,N/A,ATP_T_PREP_002,ATP_T_PREP_002,N/A
MethodID_DataProcessing,N/A,N/A,N/A,ATP_T_DP_002,ATP_T_DP_002,N/A
Analysis_DetectionLimit,-9999,-9999,-9999,0-0.036,-9999,N/A
Analysis_Precision,-9999,-9999,-9999,-9999,-9999,N/A
Data_Status,N/A,N/A,N/A,ready_to_use,ready_to_use,N/A
#Start_Data,CM_001_ATP-1,10.58052/IEWDR01Q5,Sediment,4.1,26.7,N/A
N/A,CM_001_ATP-2,10.58052/IEWDR01Q5,Sediment,3.15,21.45,N/A
N/A,CM_001_ATP-3,10.58052/IEWDR01Q5,Sediment,4.33,28.88,N/A
N/A,CM_002_ATP-1,10.58052/IEWDR01Q6,Sediment,7.57,32.43,N/A
N/A,CM_002_ATP-2,10.58052/IEWDR01Q6,Sediment,5.88,26.62,N/A
N/A,CM_002_ATP-3,10.58052/IEWDR01Q6,Sediment,6.14,21.15,N/A
N/A,CM_003_ATP-1,10.58052/IEWDR01Q7,Sediment,0.36,1.93,N/A
N/A,CM_003_ATP-2,10.58052/IEWDR01Q7,Sediment,0.31,1.99,N/A
N/A,CM_003_ATP-3,10.58052/IEWDR01Q7,Sediment,0.34,2.04,N/A
N/A,CM_004_ATP-1,10.58052/IEWDR01Q8,Sediment,0.32,1.1,N/A
N/A,CM_004_ATP-2,10.58052/IEWDR01Q8,Sediment,0.54,1.39,N/A
N/A,CM_004_ATP-3,10.58052/IEWDR01Q8,Sediment,0.74,1.75,N/A
N/A,CM_005_ATP-1,10.58052/IEWDR01Q9,Sediment,5.15,18.89,N/A
N/A,CM_005_ATP-2,10.58052/IEWDR01Q9,Sediment,5.71,18.64,N/A
N/A,CM_005_ATP-3,10.58052/IEWDR01Q9,Sediment,4.97,17.41,N/A
N/A,CM_006_ATP-1,10.58052/IEWDR01QA,Sediment,16.81,69.59,N/A
N/A,CM_006_ATP-2,10.58052/IEWDR01QA,Sediment,18.09,62.98,N/A
N/A,CM_006_ATP-3,10.58052/IEWDR01QA,Sediment,10.07,41.66,N/A
N/A,CM_007_ATP-1,10.58052/IEWDR01QB,Sediment,0.09,0.32,N/A
N/A,CM_007_ATP-2,10.58052/IEWDR01QB,Sediment,0.1,0.33,N/A
N/A,CM_007_ATP-3,10.58052/IEWDR01QB,Sediment,-9999,-9999,VI_ATP_002
N/A,CM_008_ATP-1,10.58052/IEWDR01QC,Sediment,3.37,18.88,N/A
N/A,CM_008_ATP-2,10.58052/IEWDR01QC,Sediment,3.97,17.23,N/A
N/A,CM_008_ATP-3,10.58052/IEWDR01QC,Sediment,2.66,16.35,N/A
N/A,CM_009_ATP-1,10.58052/IEWDR01UU,Sediment,41.4,123.32,N/A
N/A,CM_009_ATP-2,10.58052/IEWDR01UU,Sediment,46.54,140.62,N/A
N/A,CM_009_ATP-3,10.58052/IEWDR01UU,Sediment,42.24,157.38,N/A
N/A,CM_010_ATP-1,10.58052/IEWDR01QD,Sediment,0.13,0.47,N/A
N/A,CM_010_ATP-2,10.58052/IEWDR01QD,Sediment,0.13,0.43,N/A
N/A,CM_010_ATP-3,10.58052/IEWDR01QD,Sediment,0.13,0.3,N/A
N/A,CM_011_ATP-1,10.58052/IEWDR01QE,Sediment,16.85,67.27,N/A
N/A,CM_011_ATP-2,10.58052/IEWDR01QE,Sediment,21.84,83.08,N/A
N/A,CM_011_ATP-3,10.58052/IEWDR01QE,Sediment,20.13,76.39,N/A
N/A,CM_012_ATP-1,10.58052/IEWDR01QF,Sediment,11.57,52.87,N/A
N/A,CM_012_ATP-2,10.58052/IEWDR01QF,Sediment,10.13,45.68,N/A
N/A,CM_012_ATP-3,10.58052/IEWDR01QF,Sediment,14.42,60.12,N/A
N/A,CM_013_ATP-1,10.58052/IEWDR01QG,Sediment,3.06,9.65,N/A
N/A,CM_013_ATP-2,10.58052/IEWDR01QG,Sediment,4.23,11.28,N/A
N/A,CM_013_ATP-3,10.58052/IEWDR01QG,Sediment,4.56,12.4,N/A
N/A,CM_014_ATP-1,10.58052/IEWDR01QH,Sediment,12.93,34.18,N/A
N/A,CM_014_ATP-2,10.58052/IEWDR01QH,Sediment,8.03,23.67,N/A
N/A,CM_014_ATP-3,10.58052/IEWDR01QH,Sediment,7.76,27.76,N/A
N/A,CM_015_ATP-1,10.58052/IEWDR01QI,Sediment,73.12,186.12,N/A
N/A,CM_015_ATP-2,10.58052/IEWDR01QI,Sediment,74.26,208.96,N/A
N/A,CM_015_ATP-3,10.58052/IEWDR01QI,Sediment,66.93,172.2,N/A
N/A,CM_016_ATP-1,10.58052/IEWDR01QJ,Sediment,11.11,53.8,ATP_CV_030
N/A,CM_016_ATP-2,10.58052/IEWDR01QJ,Sediment,4.59,17.5,ATP_CV_030
N/A,CM_016_ATP-3,10.58052/IEWDR01QJ,Sediment,7.92,37.14,ATP_CV_030
N/A,CM_017_ATP-1,10.58052/IEWDR01QK,Sediment,6.93,23.49,N/A
N/A,CM_017_ATP-2,10.58052/IEWDR01QK,Sediment,6.85,23.78,N/A
N/A,CM_017_ATP-3,10.58052/IEWDR01QK,Sediment,7.64,23.26,N/A
N/A,CM_018_ATP-1,10.58052/IEWDR01QL,Sediment,0.17,0.45,VI_ATP_001
N/A,CM_018_ATP-2,10.58052/IEWDR01QL,Sediment,0.3,0.68,VI_ATP_001
N/A,CM_018_ATP-3,10.58052/IEWDR01QL,Sediment,0.28,0.58,VI_ATP_001
N/A,CM_020_ATP-1,10.58052/IEWDR01QM,Sediment,1.95,7.84,N/A
N/A,CM_020_ATP-2,10.58052/IEWDR01QM,Sediment,1.44,6.33,N/A
N/A,CM_020_ATP-3,10.58052/IEWDR01QM,Sediment,1.09,5.51,N/A
N/A,CM_021_ATP-1,10.58052/IEWDR01QN,Sediment,0.77,2.27,N/A
N/A,CM_021_ATP-2,10.58052/IEWDR01QN,Sediment,0.96,2.87,N/A
N/A,CM_021_ATP-3,10.58052/IEWDR01QN,Sediment,1.07,3.34,N/A
N/A,CM_022_ATP-1,10.58052/IEWDR01QO,Sediment,11,40.68,N/A
N/A,CM_022_ATP-2,10.58052/IEWDR01QO,Sediment,5.99,26.65,N/A
N/A,CM_022_ATP-3,10.58052/IEWDR01QO,Sediment,7.79,36.01,N/A
N/A,CM_023_ATP-1,10.58052/IEWDR01QP,Sediment,17.37,74.37,N/A
N/A,CM_023_ATP-2,10.58052/IEWDR01QP,Sediment,15.92,66.39,N/A
N/A,CM_023_ATP-3,10.58052/IEWDR01QP,Sediment,18.32,76.48,N/A
N/A,CM_024_ATP-1,10.58052/IEWDR01QQ,Sediment,1.83,10.06,N/A
N/A,CM_024_ATP-2,10.58052/IEWDR01QQ,Sediment,3.26,13.06,N/A
N/A,CM_024_ATP-3,10.58052/IEWDR01QQ,Sediment,3.64,14.36,N/A
N/A,CM_025_ATP-1,N/A,Sediment,-9999,-9999,VI_ATP_003
N/A,CM_025_ATP-2,N/A,Sediment,-9999,-9999,VI_ATP_003
N/A,CM_025_ATP-3,N/A,Sediment,-9999,-9999,VI_ATP_003
N/A,CM_026_ATP-1,N/A,Sediment,-9999,-9999,VI_ATP_003
N/A,CM_026_ATP-2,N/A,Sediment,-9999,-9999,VI_ATP_003
N/A,CM_026_ATP-3,N/A,Sediment,-9999,-9999,VI_ATP_003
N/A,CM_027_ATP-1,10.58052/IEWDR01QR,Sediment,2.68,13.46,ATP_001; ATP_CV_030
N/A,CM_027_ATP-2,10.58052/IEWDR01QR,Sediment,1.45,4.42,ATP_001; ATP_CV_030
N/A,CM_027_ATP-3,10.58052/IEWDR01QR,Sediment,1.76,5.49,ATP_001; ATP_CV_030
N/A,CM_028_ATP-1,10.58052/IEWDR01QS,Sediment,0.33,1.09,N/A
N/A,CM_028_ATP-2,10.58052/IEWDR01QS,Sediment,0.46,1.06,N/A
N/A,CM_028_ATP-3,10.58052/IEWDR01QS,Sediment,0.34,0.75,N/A
N/A,CM_029_ATP-1,N/A,Sediment,-9999,-9999,VI_ATP_003
N/A,CM_029_ATP-2,N/A,Sediment,-9999,-9999,VI_ATP_003
N/A,CM_029_ATP-3,N/A,Sediment,-9999,-9999,VI_ATP_003
N/A,CM_030_ATP-1,N/A,Sediment,-9999,-9999,VI_ATP_003
N/A,CM_030_ATP-2,N/A,Sediment,-9999,-9999,VI_ATP_003
N/A,CM_030_ATP-3,N/A,Sediment,-9999,-9999,VI_ATP_003
N/A,CM_032_ATP-1,10.58052/IEWDR01QT,Sediment,3.73,28.53,ATP_001
N/A,CM_032_ATP-2,10.58052/IEWDR01QT,Sediment,2.76,23.79,ATP_001
N/A,CM_032_ATP-3,10.58052/IEWDR01QT,Sediment,3.27,22.36,ATP_001
N/A,CM_033_ATP-1,10.58052/IEWDR01QU,Sediment,0.54,1.56,N/A
N/A,CM_033_ATP-2,10.58052/IEWDR01QU,Sediment,0.39,1.39,N/A
N/A,CM_033_ATP-3,10.58052/IEWDR01QU,Sediment,0.48,1.72,N/A
N/A,CM_034_ATP-1,10.58052/IEWDR01QV,Sediment,13.13,42.49,N/A
N/A,CM_034_ATP-2,10.58052/IEWDR01QV,Sediment,12.79,44.73,N/A
N/A,CM_034_ATP-3,10.58052/IEWDR01QV,Sediment,10.71,41.32,N/A
N/A,CM_035_ATP-1,10.58052/IEWDR01QW,Sediment,3.75,14.06,N/A
N/A,CM_035_ATP-2,10.58052/IEWDR01QW,Sediment,3.41,12.35,N/A
N/A,CM_035_ATP-3,10.58052/IEWDR01QW,Sediment,4.16,14.26,N/A
N/A,CM_037_ATP-1,10.58052/IEWDR01QX,Sediment,16.55,40.56,N/A
N/A,CM_037_ATP-2,10.58052/IEWDR01QX,Sediment,11.3,34.51,N/A
N/A,CM_037_ATP-3,10.58052/IEWDR01QX,Sediment,10.23,27.59,N/A
N/A,CM_038_ATP-1,10.58052/IEWDR01QY,Sediment,1.73,5.49,ATP_CV_030
N/A,CM_038_ATP-2,10.58052/IEWDR01QY,Sediment,3.83,10.51,ATP_CV_030
N/A,CM_038_ATP-3,10.58052/IEWDR01QY,Sediment,2.81,7.97,ATP_CV_030
N/A,CM_039_ATP-1,10.58052/IEWDR01QZ,Sediment,3.38,8.81,N/A
N/A,CM_039_ATP-2,10.58052/IEWDR01QZ,Sediment,3.47,9.27,N/A
N/A,CM_039_ATP-3,10.58052/IEWDR01QZ,Sediment,4.55,11.69,N/A
N/A,CM_040_ATP-1,10.58052/IEWDR01R0,Sediment,1.15,5.1,ATP_001; ATP_CV_030
N/A,CM_040_ATP-2,10.58052/IEWDR01R0,Sediment,0.62,2.26,ATP_001; ATP_CV_030
N/A,CM_040_ATP-3,10.58052/IEWDR01R0,Sediment,0.93,3.34,ATP_001; ATP_CV_030
N/A,CM_041_ATP-1,10.58052/IEWDR01R1,Sediment,8.02,33.82,N/A
N/A,CM_041_ATP-2,10.58052/IEWDR01R1,Sediment,7.08,26.41,N/A
N/A,CM_041_ATP-3,10.58052/IEWDR01R1,Sediment,11.53,39.94,N/A
N/A,CM_042_ATP-1,10.58052/IEWDR01R2,Sediment,0.65,2.31,N/A
N/A,CM_042_ATP-2,10.58052/IEWDR01R2,Sediment,0.57,2.22,N/A
N/A,CM_042_ATP-3,10.58052/IEWDR01R2,Sediment,0.61,2.08,N/A
N/A,CM_043_ATP-1,10.58052/IEWDR01UX,Sediment,2.41,6.25,N/A
N/A,CM_043_ATP-2,10.58052/IEWDR01UX,Sediment,2.19,6.68,N/A
N/A,CM_043_ATP-3,10.58052/IEWDR01UX,Sediment,1.97,6.39,N/A
N/A,CM_044_ATP-1,10.58052/IEWDR01V0,Sediment,29.24,87.71,N/A
N/A,CM_044_ATP-2,10.58052/IEWDR01V0,Sediment,26.52,96.29,N/A
N/A,CM_044_ATP-3,10.58052/IEWDR01V0,Sediment,21.12,83.37,N/A
N/A,CM_045_ATP-1,10.58052/IEWDR01V3,Sediment,5.85,16.66,ATP_CV_030
N/A,CM_045_ATP-2,10.58052/IEWDR01V3,Sediment,6.3,19.14,ATP_CV_030
N/A,CM_045_ATP-3,10.58052/IEWDR01V3,Sediment,12.98,42.6,ATP_CV_030
N/A,CM_046_ATP-1,10.58052/IEWDR01V6,Sediment,1.26,3.85,N/A
N/A,CM_046_ATP-2,10.58052/IEWDR01V6,Sediment,1.37,4.11,N/A
N/A,CM_046_ATP-3,10.58052/IEWDR01V6,Sediment,1.18,3.59,N/A
N/A,CM_047_ATP-1,10.58052/IEWDR01ZH,Sediment,20.33,65.47,N/A
N/A,CM_047_ATP-2,10.58052/IEWDR01ZH,Sediment,37.52,111.74,N/A
N/A,CM_047_ATP-3,10.58052/IEWDR01ZH,Sediment,28.1,86.51,N/A
N/A,CM_048_ATP-1,10.58052/IEWDR01ZI,Sediment,2.05,5.62,N/A
N/A,CM_048_ATP-2,10.58052/IEWDR01ZI,Sediment,1.67,5.34,N/A
N/A,CM_048_ATP-3,10.58052/IEWDR01ZI,Sediment,1.72,4.4,N/A
N/A,CM_049_ATP-1,10.58052/IEWDR01ZJ,Sediment,17.91,62.47,N/A
N/A,CM_049_ATP-2,10.58052/IEWDR01ZJ,Sediment,13.91,52.5,N/A
N/A,CM_049_ATP-3,10.58052/IEWDR01ZJ,Sediment,16.6,58.1,N/A
N/A,CM_050_ATP-1,10.58052/IEWDR01V9,Sediment,106.71,357.94,N/A
N/A,CM_050_ATP-2,10.58052/IEWDR01V9,Sediment,103.82,606.68,N/A
N/A,CM_050_ATP-3,10.58052/IEWDR01V9,Sediment,88.41,563.63,N/A
N/A,CM_051_ATP-1,10.58052/IEWDR01VC,Sediment,51.37,156.07,N/A
N/A,CM_051_ATP-2,10.58052/IEWDR01VC,Sediment,47.36,152.32,N/A
N/A,CM_051_ATP-3,10.58052/IEWDR01VC,Sediment,54.88,164.37,N/A
N/A,CM_052_ATP-1,10.58052/IEWDR01VF,Sediment,71.53,375.53,N/A
N/A,CM_052_ATP-2,10.58052/IEWDR01VF,Sediment,67.69,332.44,N/A
N/A,CM_052_ATP-3,10.58052/IEWDR01VF,Sediment,68.02,312.36,N/A
N/A,CM_053_ATP-1,10.58052/IEWDR01ZK,Sediment,37.16,184.76,N/A
N/A,CM_053_ATP-2,10.58052/IEWDR01ZK,Sediment,33.5,159.54,N/A
N/A,CM_053_ATP-3,10.58052/IEWDR01ZK,Sediment,33.92,174.77,N/A
N/A,CM_054_ATP-1,10.58052/IEWDR01ZL,Sediment,52.41,250.2,N/A
N/A,CM_054_ATP-2,10.58052/IEWDR01ZL,Sediment,53.59,193.76,N/A
N/A,CM_054_ATP-3,10.58052/IEWDR01ZL,Sediment,54.81,224.52,N/A
N/A,CM_055_ATP-1,10.58052/IEWDR01ZM,Sediment,44.26,161.82,N/A
N/A,CM_055_ATP-2,10.58052/IEWDR01ZM,Sediment,50.98,194.66,N/A
N/A,CM_055_ATP-3,10.58052/IEWDR01ZM,Sediment,53.35,187.89,N/A
N/A,CM_056_ATP-1,10.58052/IEWDR01VI,Sediment,0.78,2.8,N/A
N/A,CM_056_ATP-2,10.58052/IEWDR01VI,Sediment,0.87,2.82,N/A
N/A,CM_056_ATP-3,10.58052/IEWDR01VI,Sediment,1.15,3.47,N/A
N/A,CM_057_ATP-1,10.58052/IEWDR01VL,Sediment,1.48,4.6,N/A
N/A,CM_057_ATP-2,10.58052/IEWDR01VL,Sediment,1.42,4.73,N/A
N/A,CM_057_ATP-3,10.58052/IEWDR01VL,Sediment,1.56,5.07,N/A
N/A,CM_058_ATP-1,10.58052/IEWDR01VO,Sediment,53.79,176.32,N/A
N/A,CM_058_ATP-2,10.58052/IEWDR01VO,Sediment,48.99,147.25,N/A
N/A,CM_058_ATP-3,10.58052/IEWDR01VO,Sediment,52.03,168.37,N/A
N/A,CM_059_ATP-1,10.58052/IEWDR01ZN,Sediment,1.29,3.86,N/A
N/A,CM_059_ATP-2,10.58052/IEWDR01ZN,Sediment,1.32,3.93,N/A
N/A,CM_059_ATP-3,10.58052/IEWDR01ZN,Sediment,1.36,4.24,N/A
N/A,CM_060_ATP-1,10.58052/IEWDR01ZO,Sediment,21.33,58.31,N/A
N/A,CM_060_ATP-2,10.58052/IEWDR01ZO,Sediment,29.74,68.88,N/A
N/A,CM_060_ATP-3,10.58052/IEWDR01ZO,Sediment,28.85,67.45,N/A
N/A,CM_061_ATP-1,10.58052/IEWDR01ZP,Sediment,2.19,6.69,N/A
N/A,CM_061_ATP-2,10.58052/IEWDR01ZP,Sediment,2.12,5.53,N/A
N/A,CM_061_ATP-3,10.58052/IEWDR01ZP,Sediment,1.67,4.89,N/A
N/A,CM_062_ATP-1,10.58052/IEWDR01R3,Sediment,8.39,23.51,N/A
N/A,CM_062_ATP-2,10.58052/IEWDR01R3,Sediment,8.9,26.2,N/A
N/A,CM_062_ATP-3,10.58052/IEWDR01R3,Sediment,9.21,22.66,N/A
N/A,CM_063_ATP-1,10.58052/IEWDR01R4,Sediment,17.15,46.23,N/A
N/A,CM_063_ATP-2,10.58052/IEWDR01R4,Sediment,17.78,50.12,N/A
N/A,CM_063_ATP-3,10.58052/IEWDR01R4,Sediment,13.16,44,N/A
N/A,CM_064_ATP-1,10.58052/IEWDR01VR,Sediment,75.77,189.59,N/A
N/A,CM_064_ATP-2,10.58052/IEWDR01VR,Sediment,72.19,184.53,N/A
N/A,CM_064_ATP-3,10.58052/IEWDR01VR,Sediment,69.27,183.83,N/A
N/A,CM_065_ATP-1,10.58052/IEWDR01ZQ,Sediment,15.57,48.25,N/A
N/A,CM_065_ATP-2,10.58052/IEWDR01ZQ,Sediment,16.5,50.4,N/A
N/A,CM_065_ATP-3,10.58052/IEWDR01ZQ,Sediment,14.99,47.88,N/A
N/A,CM_066_ATP-1,10.58052/IEWDR01VU,Sediment,3.94,10.06,N/A
N/A,CM_066_ATP-2,10.58052/IEWDR01VU,Sediment,3.53,7.89,N/A
N/A,CM_066_ATP-3,10.58052/IEWDR01VU,Sediment,4.74,12.42,N/A
N/A,CM_068_ATP-1,10.58052/IEWDR01VX,Sediment,3.15,27.84,ATP_001
N/A,CM_068_ATP-2,10.58052/IEWDR01VX,Sediment,3.95,42.31,ATP_001
N/A,CM_068_ATP-3,10.58052/IEWDR01VX,Sediment,4.04,36.06,ATP_001
N/A,CM_069_ATP-1,10.58052/IEWDR01W0,Sediment,48.94,156.77,N/A
N/A,CM_069_ATP-2,10.58052/IEWDR01W0,Sediment,77.88,199.38,N/A
N/A,CM_069_ATP-3,10.58052/IEWDR01W0,Sediment,90.31,237.34,N/A
N/A,CM_070_ATP-1,10.58052/IEWDR01W3,Sediment,7.28,30.74,N/A
N/A,CM_070_ATP-2,10.58052/IEWDR01W3,Sediment,14.37,48.68,N/A
N/A,CM_070_ATP-3,10.58052/IEWDR01W3,Sediment,15.99,53.77,N/A
N/A,CM_071_ATP-1,10.58052/IEWDR01W6,Sediment,11.37,55.39,ATP_001
N/A,CM_071_ATP-2,10.58052/IEWDR01W6,Sediment,11.89,60.48,ATP_001
N/A,CM_071_ATP-3,10.58052/IEWDR01W6,Sediment,13.39,61.25,ATP_001
N/A,CM_072_ATP-1,10.58052/IEWDR01W9,Sediment,33.46,294.03,ATP_001
N/A,CM_072_ATP-2,10.58052/IEWDR01W9,Sediment,29.4,227.72,ATP_001
N/A,CM_072_ATP-3,10.58052/IEWDR01W9,Sediment,23.67,175.29,ATP_001
N/A,CM_073_ATP-1,10.58052/IEWDR01WC,Sediment,13.53,34.65,ATP_CV_030
N/A,CM_073_ATP-2,10.58052/IEWDR01WC,Sediment,12.05,33.89,ATP_CV_030
N/A,CM_073_ATP-3,10.58052/IEWDR01WC,Sediment,5.51,16.23,ATP_CV_030
N/A,CM_074_ATP-1,10.58052/IEWDR01WF,Sediment,3.36,10.83,N/A
N/A,CM_074_ATP-2,10.58052/IEWDR01WF,Sediment,2.33,8.12,N/A
N/A,CM_074_ATP-3,10.58052/IEWDR01WF,Sediment,2.28,7.48,N/A
N/A,CM_075_ATP-1,10.58052/IEWDR01WI,Sediment,24.65,82.67,ATP_001
N/A,CM_075_ATP-2,10.58052/IEWDR01WI,Sediment,20.57,74.73,ATP_001
N/A,CM_075_ATP-3,10.58052/IEWDR01WI,Sediment,23.04,83.94,ATP_001
N/A,CM_076_ATP-1,10.58052/IEWDR01WL,Sediment,57.68,192.82,ATP_001
N/A,CM_076_ATP-2,10.58052/IEWDR01WL,Sediment,53.13,143.76,ATP_001
N/A,CM_076_ATP-3,10.58052/IEWDR01WL,Sediment,51.18,159.13,ATP_001
N/A,CM_077_ATP-1,10.58052/IEWDR01WO,Sediment,80.06,189.89,N/A
N/A,CM_077_ATP-2,10.58052/IEWDR01WO,Sediment,60.9,158.29,N/A
N/A,CM_077_ATP-3,10.58052/IEWDR01WO,Sediment,61.43,163.92,N/A
N/A,CM_078_ATP-1,10.58052/IEWDR01WR,Sediment,12.96,43.41,N/A
N/A,CM_078_ATP-2,10.58052/IEWDR01WR,Sediment,12.79,53.6,N/A
N/A,CM_078_ATP-3,10.58052/IEWDR01WR,Sediment,10.35,40.31,N/A
N/A,CM_079_ATP-1,10.58052/IEWDR01WU,Sediment,21.14,67.64,N/A
N/A,CM_079_ATP-2,10.58052/IEWDR01WU,Sediment,19.46,55.96,N/A
N/A,CM_079_ATP-3,10.58052/IEWDR01WU,Sediment,22.29,66.86,N/A
N/A,CM_080_ATP-1,10.58052/IEWDR01WX,Sediment,13.82,270.52,ATP_001; ATP_CV_030
N/A,CM_080_ATP-2,10.58052/IEWDR01WX,Sediment,9.75,173.34,ATP_001; ATP_CV_030
N/A,CM_080_ATP-3,10.58052/IEWDR01WX,Sediment,6.78,124.77,ATP_001; ATP_CV_030
N/A,CM_081_ATP-1,10.58052/IEWDR01X0,Sediment,15.82,52.89,N/A
N/A,CM_081_ATP-2,10.58052/IEWDR01X0,Sediment,15.46,45.05,N/A
N/A,CM_081_ATP-3,10.58052/IEWDR01X0,Sediment,16.49,49.19,N/A
N/A,CM_082_ATP-1,10.58052/IEWDR01X3,Sediment,15.9,49.26,N/A
N/A,CM_082_ATP-2,10.58052/IEWDR01X3,Sediment,17.36,54.79,N/A
N/A,CM_082_ATP-3,10.58052/IEWDR01X3,Sediment,18.42,49.27,N/A
N/A,CM_083_ATP-1,10.58052/IEWDR01ZR,Sediment,10.66,34.75,N/A
N/A,CM_083_ATP-2,10.58052/IEWDR01ZR,Sediment,10.61,34.32,N/A
N/A,CM_083_ATP-3,10.58052/IEWDR01ZR,Sediment,10.09,33.97,N/A
N/A,CM_084_ATP-1,10.58052/IEWDR01X6,Sediment,37.22,119.02,N/A
N/A,CM_084_ATP-2,10.58052/IEWDR01X6,Sediment,40.31,119.39,N/A
N/A,CM_084_ATP-3,10.58052/IEWDR01X6,Sediment,33.96,101.88,N/A
N/A,CM_085_ATP-1,10.58052/IEWDR01X9,Sediment,29.47,101.02,N/A
N/A,CM_085_ATP-2,10.58052/IEWDR01X9,Sediment,31.99,96.15,N/A
N/A,CM_085_ATP-3,10.58052/IEWDR01X9,Sediment,30.63,79.01,N/A
N/A,CM_086_ATP-1,10.58052/IEWDR01ZS,Sediment,54.71,386.85,ATP_001; ATP_CV_030
N/A,CM_086_ATP-2,10.58052/IEWDR01ZS,Sediment,43.45,182.19,ATP_001; ATP_CV_030
N/A,CM_086_ATP-3,10.58052/IEWDR01ZS,Sediment,50.34,210.6,ATP_001; ATP_CV_030
N/A,CM_087_ATP-1,10.58052/IEWDR01ZT,Sediment,9.52,37.89,ATP_001
N/A,CM_087_ATP-2,10.58052/IEWDR01ZT,Sediment,7.84,36.16,ATP_001
N/A,CM_087_ATP-3,10.58052/IEWDR01ZT,Sediment,9.22,42.05,ATP_001
N/A,CM_088_ATP-1,10.58052/IEWDR01XC,Sediment,118.27,416.88,N/A
N/A,CM_088_ATP-2,10.58052/IEWDR01XC,Sediment,137.75,481.69,N/A
N/A,CM_088_ATP-3,10.58052/IEWDR01XC,Sediment,81.26,287.19,N/A
N/A,CM_089_ATP-1,10.58052/IEWDR01ZU,Sediment,22.61,90.1,N/A
N/A,CM_089_ATP-2,10.58052/IEWDR01ZU,Sediment,33.11,105.72,N/A
N/A,CM_089_ATP-3,10.58052/IEWDR01ZU,Sediment,31.65,108.26,N/A
N/A,CM_090_ATP-1,10.58052/IEWDR01ZV,Sediment,14.24,31.2,N/A
N/A,CM_090_ATP-2,10.58052/IEWDR01ZV,Sediment,10.61,29.61,N/A
N/A,CM_090_ATP-3,10.58052/IEWDR01ZV,Sediment,15.83,45.69,N/A
N/A,CM_091_ATP-1,10.58052/IEWDR01ZW,Sediment,8.44,32.01,N/A
N/A,CM_091_ATP-2,10.58052/IEWDR01ZW,Sediment,8.79,28.9,N/A
N/A,CM_091_ATP-3,10.58052/IEWDR01ZW,Sediment,7.03,26.25,N/A
N/A,CM_092_ATP-1,10.58052/IEWDR01ZX,Sediment,12.27,37.23,N/A
N/A,CM_092_ATP-2,10.58052/IEWDR01ZX,Sediment,10.17,33.54,N/A
N/A,CM_092_ATP-3,10.58052/IEWDR01ZX,Sediment,11.47,35.43,N/A
N/A,CM_093_ATP-1,10.58052/IEWDR01ZY,Sediment,7.12,19.08,N/A
N/A,CM_093_ATP-2,10.58052/IEWDR01ZY,Sediment,6.88,17.39,N/A
N/A,CM_093_ATP-3,10.58052/IEWDR01ZY,Sediment,7.99,21.08,N/A
N/A,CM_094_ATP-1,10.58052/IEWDR01ZZ,Sediment,41.89,140.06,N/A
N/A,CM_094_ATP-2,10.58052/IEWDR01ZZ,Sediment,39.48,123.79,N/A
N/A,CM_094_ATP-3,10.58052/IEWDR01ZZ,Sediment,36.01,111.95,N/A
N/A,CM_095_ATP-1,10.58052/IEWDR0200,Sediment,33.06,129.2,N/A
N/A,CM_095_ATP-2,10.58052/IEWDR0200,Sediment,33.6,163.05,N/A
N/A,CM_095_ATP-3,10.58052/IEWDR0200,Sediment,31.59,149.66,N/A
N/A,CM_096_ATP-1,10.58052/IEWDR0201,Sediment,1.96,6.26,N/A
N/A,CM_096_ATP-2,10.58052/IEWDR0201,Sediment,1.72,5.92,N/A
N/A,CM_096_ATP-3,10.58052/IEWDR0201,Sediment,1.83,6.37,N/A
N/A,CM_097_ATP-1,10.58052/IEWDR0202,Sediment,22.27,67.99,N/A
N/A,CM_097_ATP-2,10.58052/IEWDR0202,Sediment,20.08,64.19,N/A
N/A,CM_097_ATP-3,10.58052/IEWDR0202,Sediment,22.13,62.41,N/A
N/A,CM_098_ATP-1,10.58052/IEWDR0203,Sediment,28.03,156.3,N/A
N/A,CM_098_ATP-2,10.58052/IEWDR0203,Sediment,27.79,174.95,N/A
N/A,CM_098_ATP-3,10.58052/IEWDR0203,Sediment,25.81,164.23,N/A
N/A,CM_099_ATP-1,10.58052/IEWDR0204,Sediment,35.86,381.86,N/A
N/A,CM_099_ATP-2,10.58052/IEWDR0204,Sediment,35.55,438.93,N/A
N/A,CM_099_ATP-3,10.58052/IEWDR0204,Sediment,36.44,415.88,N/A
N/A,CM_100_ATP-1,10.58052/IEWDR0205,Sediment,0.58,2,N/A
N/A,CM_100_ATP-2,10.58052/IEWDR0205,Sediment,0.51,1.77,N/A
N/A,CM_100_ATP-3,10.58052/IEWDR0205,Sediment,0.79,2.69,N/A
N/A,CM_101_ATP-1,10.58052/IEWDR0206,Sediment,1.46,4.15,N/A
N/A,CM_101_ATP-2,10.58052/IEWDR0206,Sediment,1.42,4.07,N/A
N/A,CM_101_ATP-3,10.58052/IEWDR0206,Sediment,1.49,4.44,N/A
N/A,CM_102_ATP-1,10.58052/IEWDR0207,Sediment,27.79,85.26,N/A
N/A,CM_102_ATP-2,10.58052/IEWDR0207,Sediment,21.59,81.98,N/A
N/A,CM_102_ATP-3,10.58052/IEWDR0207,Sediment,30.85,94.31,N/A
N/A,CM_103_ATP-1,10.58052/IEWDR0208,Sediment,21.9,105.13,ATP_001
N/A,CM_103_ATP-2,10.58052/IEWDR0208,Sediment,17.69,108.63,ATP_001
N/A,CM_103_ATP-3,10.58052/IEWDR0208,Sediment,21.18,95.64,ATP_001
N/A,CM_104_ATP-1,10.58052/IEWDR0209,Sediment,25.46,166.24,N/A
N/A,CM_104_ATP-2,10.58052/IEWDR0209,Sediment,19.07,119.07,N/A
N/A,CM_104_ATP-3,10.58052/IEWDR0209,Sediment,22,124.36,N/A
N/A,CM_105_ATP-1,10.58052/IEWDR020A,Sediment,68.89,242.89,N/A
N/A,CM_105_ATP-2,10.58052/IEWDR020A,Sediment,77.96,248.76,N/A
N/A,CM_105_ATP-3,10.58052/IEWDR020A,Sediment,61.8,242.24,N/A
N/A,CM_106_ATP-1,10.58052/IEWDR020B,Sediment,10.71,47.97,N/A
N/A,CM_106_ATP-2,10.58052/IEWDR020B,Sediment,7.39,27.14,N/A
N/A,CM_106_ATP-3,10.58052/IEWDR020B,Sediment,9.22,41.58,N/A
N/A,CM_107_ATP-1,10.58052/IEWDR020C,Sediment,20.72,59.28,N/A
N/A,CM_107_ATP-2,10.58052/IEWDR020C,Sediment,21.41,61.89,N/A
N/A,CM_107_ATP-3,10.58052/IEWDR020C,Sediment,19.22,56.79,N/A
N/A,CM_108_ATP-1,10.58052/IEWDR020D,Sediment,3.38,12.05,N/A
N/A,CM_108_ATP-2,10.58052/IEWDR020D,Sediment,4.86,18.32,N/A
N/A,CM_108_ATP-3,10.58052/IEWDR020D,Sediment,5.27,18.54,N/A
N/A,CM_109_ATP-1,10.58052/IEWDR020E,Sediment,22.96,70.07,N/A
N/A,CM_109_ATP-2,10.58052/IEWDR020E,Sediment,22.64,80.61,N/A
N/A,CM_109_ATP-3,10.58052/IEWDR020E,Sediment,21.56,77.72,N/A
N/A,CM_110_ATP-1,10.58052/IEWDR020F,Sediment,45.03,150.47,N/A
N/A,CM_110_ATP-2,10.58052/IEWDR020F,Sediment,53.79,150.23,N/A
N/A,CM_110_ATP-3,10.58052/IEWDR020F,Sediment,50.62,136.13,N/A
N/A,CM_111_ATP-1,10.58052/IEWDR020G,Sediment,10.86,29.46,N/A
N/A,CM_111_ATP-2,10.58052/IEWDR020G,Sediment,10.49,30.25,N/A
N/A,CM_111_ATP-3,10.58052/IEWDR020G,Sediment,11.2,31.88,N/A
N/A,CM_112_ATP-1,10.58052/IEWDR020H,Sediment,9.12,23.28,N/A
N/A,CM_112_ATP-2,10.58052/IEWDR020H,Sediment,8.62,21.87,N/A
N/A,CM_112_ATP-3,10.58052/IEWDR020H,Sediment,10.83,23.91,N/A
N/A,CM_113_ATP-1,10.58052/IEWDR020I,Sediment,27.91,93.86,N/A
N/A,CM_113_ATP-2,10.58052/IEWDR020I,Sediment,23.65,65.25,N/A
N/A,CM_113_ATP-3,10.58052/IEWDR020I,Sediment,23.27,77.32,N/A
N/A,CM_114_ATP-1,10.58052/IEWDR020J,Sediment,3.69,17.99,ATP_001
N/A,CM_114_ATP-2,10.58052/IEWDR020J,Sediment,4.66,27.92,ATP_001
N/A,CM_114_ATP-3,10.58052/IEWDR020J,Sediment,3.54,23.37,ATP_001
N/A,CM_115_ATP-1,10.58052/IEWDR020K,Sediment,16.23,39.94,N/A
N/A,CM_115_ATP-2,10.58052/IEWDR020K,Sediment,11.67,34.63,N/A
N/A,CM_115_ATP-3,10.58052/IEWDR020K,Sediment,11.86,42.64,N/A
N/A,CM_116_ATP-1,10.58052/IEWDR020L,Sediment,48.06,145.22,N/A
N/A,CM_116_ATP-2,10.58052/IEWDR020L,Sediment,55.21,180.1,N/A
N/A,CM_116_ATP-3,10.58052/IEWDR020L,Sediment,74.1,219.49,N/A
N/A,CM_117_ATP-1,10.58052/IEWDR020M,Sediment,31.74,118.75,N/A
N/A,CM_117_ATP-2,10.58052/IEWDR020M,Sediment,27.54,110.37,N/A
N/A,CM_117_ATP-3,10.58052/IEWDR020M,Sediment,26.87,111.56,N/A
#End_Data,,,,,,
